{"model_id":"double_qlearning","name":"Double Q-Learning (1M eps)","algorithm":"double_qlearning","episodes":1000000,"trained_at":"2026-03-29","hyperparams":{"learning_rate":0.01,"discount_factor":0.95,"epsilon_start":1.0,"epsilon_end":0.1},"benchmarks":{"win_rate":0.4322,"loss_rate":0.4794,"draw_rate":0.0884,"avg_reward":-0.0472,"house_edge_percent":4.72},"learning_curve":{"checkpoints":[10000,20000,30000,40000,50000,60000,70000,80000,90000,100000,110000,120000,130000,140000,150000,160000,170000,180000,190000,200000,210000,220000,230000,240000,250000,260000,270000,280000,290000,300000,310000,320000,330000,340000,350000,360000,370000,380000,390000,400000,410000,420000,430000,440000,450000,460000,470000,480000,490000,500000,510000,520000,530000,540000,550000,560000,570000,580000,590000,600000,610000,620000,630000,640000,650000,660000,670000,680000,690000,700000,710000,720000,730000,740000,750000,760000,770000,780000,790000,800000,810000,820000,830000,840000,850000,860000,870000,880000,890000,900000,910000,920000,930000,940000,950000,960000,970000,980000,990000,1000000],"avg_rewards":[-0.3913,-0.3666,-0.3883,-0.3896,-0.3629,-0.3501,-0.358,-0.341,-0.3353,-0.3429,-0.3155,-0.3097,-0.3117,-0.2964,-0.3036,-0.2861,-0.2866,-0.276,-0.2491,-0.2844,-0.2563,-0.245,-0.2469,-0.2441,-0.2335,-0.2212,-0.2122,-0.1912,-0.2009,-0.2031,-0.1854,-0.1736,-0.156,-0.137,-0.1694,-0.1492,-0.1367,-0.1282,-0.1211,-0.1392,-0.106,-0.1066,-0.0954,-0.0953,-0.0883,-0.0572,-0.104,-0.0835,-0.0737,-0.0956,-0.0703,-0.0716,-0.1004,-0.0756,-0.0899,-0.0782,-0.0955,-0.084,-0.0832,-0.0752,-0.0911,-0.0909,-0.0783,-0.1023,-0.0837,-0.0842,-0.0834,-0.0871,-0.089,-0.0975,-0.0763,-0.0973,-0.0681,-0.0905,-0.0852,-0.0871,-0.0911,-0.0935,-0.0762,-0.0808,-0.0902,-0.0834,-0.0852,-0.0952,-0.0771,-0.0718,-0.0676,-0.0671,-0.0746,-0.0765,-0.089,-0.0906,-0.0857,-0.0738,-0.0781,-0.0906,-0.0955,-0.0659,-0.0796,-0.0796],"epsilons":[0.98,0.96,0.94,0.92,0.9,0.88,0.86,0.84,0.82,0.8,0.78,0.76,0.74,0.72,0.7,0.68,0.66,0.64,0.62,0.6,0.58,0.56,0.54,0.52,0.5,0.48,0.46,0.44,0.42,0.4,0.38,0.36,0.34,0.32,0.3,0.28,0.26,0.24,0.22,0.2,0.18,0.16,0.14,0.12,0.1,0.1,0.1,0.1,0.1,0.1,0.1,0.1,0.1,0.1,0.1,0.1,0.1,0.1,0.1,0.1,0.1,0.1,0.1,0.1,0.1,0.1,0.1,0.1,0.1,0.1,0.1,0.1,0.1,0.1,0.1,0.1,0.1,0.1,0.1,0.1,0.1,0.1,0.1,0.1,0.1,0.1,0.1,0.1,0.1,0.1,0.1,0.1,0.1,0.1,0.1,0.1,0.1,0.1,0.1,0.1]},"q_table":{"25,10,0":[0.0,0.0],"17,10,1":[-0.8176332283330836,-0.4845177681428033],"20,6,0":[1.3518324028866266,-1.6917517957333654],"12,9,1":[-0.383143529969066,-0.02698703282573126],"21,8,0":[1.8700833269155521,-1.9152093341073448],"14,3,0":[-0.5163094980797062,-0.8330786142594521],"16,7,0":[-1.0125093389864404,-0.829170208892293],"20,7,1":[1.5847694589110715,0.31921552374686535],"10,10,0":[-1.1636605248786949,-0.12872090535629838],"15,6,1":[-0.09801288056491947,0.1794261395495036],"5,9,0":[-0.563948092524641,-0.5473010231281719],"24,5,0":[0.0,0.0],"31,6,0":[0.0,0.0],"4,8,0":[-0.28034855227178795,-0.24777296654165404],"19,7,1":[1.186952989779738,0.2685082562834664],"14,6,1":[-0.23759904535021573,0.23144830208998074],"12,6,0":[-0.26474168919905927,-0.48092440656505714],"17,2,1":[-0.33690119552052944,0.029465673588176235],"7,5,0":[-0.28656187863877275,-0.007320665517438386],"29,9,0":[0.0,0.0],"14,7,1":[-0.6541127591819511,0.07598590395031424],"21,3,1":[1.9614718720571775,0.41616488776657345],"11,6,0":[-0.30206986517872075,0.578961232616221],"16,2,1":[-0.549967989603051,-0.0451920759306342],"9,1,0":[-1.4271391426247755,-0.6114505105442694],"13,1,1":[-0.7975512929981867,-0.5509782118962107],"26,5,0":[0.0,0.0],"17,10,0":[-0.7944580361689066,-1.2253812302136875],"18,8,1":[0.045804843163902396,-0.01522835268718884],"28,9,0":[0.0,0.0],"12,9,0":[-1.1148029845509029,-0.617469958001907],"13,8,0":[-1.048423897376262,-0.6843183146163454],"8,7,0":[-0.9212918452682877,0.14342716386951387],"12,1,1":[-0.4276609029243671,-0.3523474934194035],"16,10,0":[-1.1775240389116983,-1.298409364224939],"20,10,1":[0.9111615551659092,-0.05894410372168625],"28,1,0":[0.0,0.0],"11,9,0":[-0.9860934204344912,0.19270451951404477],"15,9,1":[-0.6311499611633524,-0.18843852832322364],"5,1,0":[-0.8176121429778103,-0.8165565587874575],"24,8,0":[0.0,0.0],"19,7,0":[1.1646081526684036,-1.402729362375478],"14,6,0":[-0.3403944238593358,-0.5750183203173225],"17,2,0":[-0.20678075626014303,-1.06425025858693],"27,5,0":[0.0,0.0],"22,4,0":[0.0,0.0],"19,10,1":[0.03507782638364143,-0.2553822103774107],"25,5,0":[0.0,0.0],"14,9,1":[-0.6358391221257598,-0.11557976582040334],"17,5,1":[0.053340183385590476,0.15906914470208422],"30,7,0":[0.0,0.0],"7,8,0":[-0.8889574723564055,-0.3975413719299714],"12,4,1":[-0.09749905611767293,0.1557997661172325],"21,3,0":[1.7752625825066817,-1.8250824763883537],"16,2,0":[-0.4324652143395228,-0.9605725659375255],"20,2,1":[1.308065163801202,0.18406878294271822],"10,5,0":[-0.3696009432545101,0.5131628973266257],"29,1,0":[0.0,0.0],"5,4,0":[-0.23044021866112396,-0.11785163646727179],"16,3,1":[-0.2601762446295134,0.0012401421791952832],"6,3,0":[-0.36378516366382185,-0.1897541181614576],"18,8,0":[0.14190504541708565,-1.202009951019829],"20,9,0":[1.5376340288928456,-1.6443277541757215],"9,4,0":[-0.40063347233947477,0.25574479951375473],"4,3,0":[-0.14644635193331682,-0.10889838076421816],"19,2,1":[0.6783929822022158,0.09672994829930552],"12,1,0":[-1.7029094606871444,-1.0054419739752363],"20,10,0":[0.8227610966367163,-1.7074511523482],"31,9,0":[0.0,0.0],"15,9,0":[-1.1047719832703615,-0.9505321475212818],"8,10,0":[-1.0529334344253685,-0.5502735764878778],"29,4,0":[0.0,0.0],"17,4,0":[-0.009855221989493443,-1.026338002859857],"6,6,0":[-0.3513677243545261,-0.01919129439594035],"11,1,0":[-1.451893504440739,-0.22662617940673807],"15,1,1":[-0.9036371349923147,-0.5453925541155307],"25,7,0":[0.0,0.0],"9,7,0":[-0.7397753440318129,0.26778604090056324],"19,10,0":[-0.13152625285578776,-1.4760665943880178],"14,9,0":[-1.042553836438716,-0.8652369179533612],"17,5,0":[-0.11855782369824244,-1.111984113926329],"18,3,1":[0.37616149960801404,0.06134784529266942],"28,4,0":[0.0,0.0],"12,4,0":[-0.6072380475554411,-0.39098143231550764],"15,8,0":[-0.9271842641950905,-0.7361048214712628],"22,7,0":[0.0,0.0],"10,7,0":[-0.8710091954854515,0.47801131798695995],"13,3,0":[-0.6761609974880285,-0.7393573034971574],"14,1,1":[-0.8726668659431783,-0.49525744317692205],"8,2,0":[-0.3232313823892452,-0.09224703719115303],"30,10,0":[0.0,0.0],"18,10,0":[-0.42086808136990816,-1.2453865645688817],"21,6,0":[1.797034656557373,-1.7944840268936768],"16,5,0":[-0.2760976553741873,-0.808681284453319],"26,8,0":[0.0,0.0],"10,8,0":[-1.0049049332425135,0.4000043033945091],"11,4,0":[-0.16151603564079245,0.552722937254719],"5,7,0":[-0.49505696657133336,-0.220650018440819],"24,3,0":[0.0,0.0],"16,6,1":[-0.31350290739232417,0.1522261479677294],"19,2,0":[0.8482504374854128,-1.493883317148593],"20,1,0":[0.2939105365665099,-1.7145620028814363],"4,6,0":[-0.11167728256522205,0.022880122270236336],"19,5,1":[0.8849936206771398,0.27902349405054394],"14,4,1":[-0.31923477495775,0.15541783151429292],"23,3,0":[0.0,0.0],"30,2,0":[0.0,0.0],"7,3,0":[-0.43518471602130193,-0.17655184027321785],"18,2,0":[0.33814036408994463,-1.2964740490768127],"13,7,1":[-0.4771751652428481,0.21729771018329141],"21,9,0":[1.8714713174384834,-1.9163820329029218],"31,1,0":[0.0,0.0],"15,1,0":[-1.5608182173794019,-1.2688604283555847],"29,7,0":[0.0,0.0],"21,10,1":[1.8070971058919973,0.08424669884228675],"24,6,0":[0.0,0.0],"16,9,1":[-0.5617511761689225,-0.30189580898660506],"6,9,0":[-0.6880257160063923,-0.6369284092145021],"25,8,0":[0.0,0.0],"18,3,0":[0.22827104930321107,-1.2874417905676223],"17,8,1":[-0.3932857393606901,-0.10827070626506634],"20,4,0":[1.4390390056390499,-1.6497698603626814],"12,7,1":[-0.25061797482629017,0.17137263121998259],"14,1,0":[-1.6365433955179904,-1.1159330265763518],"20,5,1":[1.3961575884856234,0.31929625071007584],"28,7,0":[0.0,0.0],"15,4,1":[-0.20765054188337778,0.11118502684465503],"22,10,0":[0.0,0.0],"13,6,0":[-0.21636683750952174,-0.4731652627281709],