{"model_id":"expected_sarsa","name":"Expected SARSA (1M eps)","algorithm":"expected_sarsa","episodes":1000000,"trained_at":"2026-03-29","hyperparams":{"learning_rate":0.01,"discount_factor":0.95,"epsilon_start":1.0,"epsilon_end":0.1},"benchmarks":{"win_rate":0.4327,"loss_rate":0.4745,"draw_rate":0.0928,"avg_reward":-0.0417,"house_edge_percent":4.17},"learning_curve":{"checkpoints":[10000,20000,30000,40000,50000,60000,70000,80000,90000,100000,110000,120000,130000,140000,150000,160000,170000,180000,190000,200000,210000,220000,230000,240000,250000,260000,270000,280000,290000,300000,310000,320000,330000,340000,350000,360000,370000,380000,390000,400000,410000,420000,430000,440000,450000,460000,470000,480000,490000,500000,510000,520000,530000,540000,550000,560000,570000,580000,590000,600000,610000,620000,630000,640000,650000,660000,670000,680000,690000,700000,710000,720000,730000,740000,750000,760000,770000,780000,790000,800000,810000,820000,830000,840000,850000,860000,870000,880000,890000,900000,910000,920000,930000,940000,950000,960000,970000,980000,990000,1000000],"avg_rewards":[-0.3798,-0.3886,-0.3925,-0.3569,-0.3567,-0.3666,-0.3442,-0.3397,-0.3342,-0.3221,-0.3183,-0.2912,-0.3182,-0.3066,-0.2852,-0.2838,-0.274,-0.2765,-0.2603,-0.2585,-0.2376,-0.2549,-0.2272,-0.2239,-0.2186,-0.2026,-0.2016,-0.2143,-0.2003,-0.1801,-0.1827,-0.1889,-0.1723,-0.1663,-0.1621,-0.155,-0.1464,-0.1482,-0.136,-0.1325,-0.1204,-0.1276,-0.0736,-0.0849,-0.0803,-0.0785,-0.0766,-0.1022,-0.092,-0.0802,-0.0945,-0.0615,-0.0848,-0.1062,-0.0968,-0.0804,-0.0688,-0.0878,-0.1085,-0.0831,-0.0819,-0.0756,-0.0887,-0.0704,-0.0802,-0.0607,-0.0786,-0.1061,-0.0971,-0.0936,-0.0776,-0.0817,-0.0972,-0.0764,-0.0823,-0.0748,-0.0778,-0.0648,-0.0829,-0.0931,-0.0833,-0.0904,-0.0646,-0.0863,-0.0846,-0.0703,-0.082,-0.0886,-0.1009,-0.0884,-0.1028,-0.0708,-0.0938,-0.09,-0.0891,-0.0851,-0.0643,-0.0906,-0.088,-0.1058],"epsilons":[0.98,0.96,0.94,0.92,0.9,0.88,0.86,0.84,0.82,0.8,0.78,0.76,0.74,0.72,0.7,0.68,0.66,0.64,0.62,0.6,0.58,0.56,0.54,0.52,0.5,0.48,0.46,0.44,0.42,0.4,0.38,0.36,0.34,0.32,0.3,0.28,0.26,0.24,0.22,0.2,0.18,0.16,0.14,0.12,0.1,0.1,0.1,0.1,0.1,0.1,0.1,0.1,0.1,0.1,0.1,0.1,0.1,0.1,0.1,0.1,0.1,0.1,0.1,0.1,0.1,0.1,0.1,0.1,0.1,0.1,0.1,0.1,0.1,0.1,0.1,0.1,0.1,0.1,0.1,0.1,0.1,0.1,0.1,0.1,0.1,0.1,0.1,0.1,0.1,0.1,0.1,0.1,0.1,0.1,0.1,0.1,0.1,0.1,0.1,0.1]},"q_table":{"24,1,0":[0.0,0.0],"14,1,0":[-0.8177502029191014,-0.6620050850081531],"21,4,0":[0.865536075707177,-0.9842480121266852],"11,4,0":[-0.22223314905797725,0.1977445920883377],"7,6,0":[-0.19106056920993825,-0.0021548837154771513],"13,10,0":[-0.5457085979419204,-0.462851540817296],"17,10,0":[-0.4518246902318453,-0.6529135878975608],"27,10,0":[0.0,0.0],"12,5,0":[-0.2368119214813323,-0.19090890221721768],"17,3,0":[-0.19264305261473086,-0.5828786088303527],"16,3,0":[-0.22968476011132563,-0.49283469758613574],"17,1,0":[-0.7520652580464507,-0.7435001751288288],"15,6,1":[-0.017552071441406962,0.07881895130468461],"23,10,0":[0.0,0.0],"8,7,0":[-0.3202043221717077,0.05734787929155881],"21,5,0":[0.8872916640472917,-0.985896642676402],"14,5,0":[-0.03567159639959115,-0.4083774736120005],"15,5,0":[-0.10379369109530778,-0.4550570874319144],"25,5,0":[0.0,0.0],"15,1,0":[-0.8044134032949362,-0.6629158909016117],"17,5,0":[0.019718652199148368,-0.5248656895096838],"27,5,0":[0.0,0.0],"11,10,0":[-0.5209270590838145,0.014790456878758356],"26,9,0":[0.0,0.0],"16,9,0":[-0.6293847434960156,-0.502095897242963],"24,3,0":[0.0,0.0],"15,3,0":[-0.22359739805061915,-0.5287404276330365],"29,4,0":[0.0,0.0],"19,4,0":[0.36980094653371154,-0.7610431292249271],"14,10,0":[-0.5828353547697582,-0.5547324310396524],"24,10,0":[0.0,0.0],"13,5,0":[-0.3562779326376045,-0.32474445888712405],"26,10,0":[0.0,0.0],"20,10,0":[0.4150797515130496,-0.8477867161062564],"10,10,0":[-0.5066360823345583,-0.08503462148160744],"30,9,0":[0.0,0.0],"20,9,0":[0.7447837755391458,-0.813299721093483],"11,5,0":[-0.14584008651114314,0.2511617975706902],"15,1,1":[-0.5435848404335599,-0.34029594114192385],"22,3,0":[0.0,0.0],"12,3,0":[-0.3642241441843612,-0.28278663244735225],"20,3,1":[0.6137989133854055,0.005895496980337861],"21,8,0":[0.9349132345679905,-0.9979106582485032],"13,8,0":[-0.5337781370687308,-0.4352475189369091],"18,3,0":[0.16079007372840468,-0.7739299096187378],"21,10,1":[0.9133746386150546,-0.004031774641311258],"30,10,0":[0.0,0.0],"11,1,0":[-0.7989241185875123,-0.11392246008120888],"7,8,0":[-0.4541364624236406,-0.22488279262308256],"19,10,1":[-0.0409795313916935,-0.16721285943309794],"13,10,1":[-0.4944968276237818,-0.14661837760943586],"18,10,0":[-0.3377362709557109,-0.7355394585942305],"25,3,0":[0.0,0.0],"19,3,0":[0.3643873726498787,-0.8164045403925441],"10,5,0":[-0.06859186847042967,0.1562633652708651],"14,4,0":[-0.20269938987260203,-0.33356526691326494],"12,4,0":[-0.3578055916571515,-0.24615686889851532],"13,9,0":[-0.5217494531714938,-0.34642134836001637],"21,9,1":[0.9829868952890025,0.025174256360138546],"12,9,1":[-0.12434936402125678,-0.08112924451934354],"16,10,0":[-0.6652051554753972,-0.6019171003479687],"28,7,0":[0.0,0.0],"20,7,0":[0.7218492104100803,-0.8717751063345368],"15,10,0":[-0.5992418331764323,-0.5346911067939163],"20,5,0":[0.6545896477795314,-0.8844882732820475],"8,6,0":[-0.15468448561345458,0.08428926073664048],"21,1,1":[0.7045800875274106,-0.1572375119880541],"24,2,0":[0.0,0.0],"17,2,0":[-0.24437998855586704,-0.5458892565467599],"18,2,0":[0.041719879907291715,-0.6417183482605109],"17,4,0":[0.07045014185467884,-0.5981157499672952],"26,4,0":[0.0,0.0],"20,10,1":[0.4113170617812708,-0.05890444697602269],"16,10,1":[-0.5819555910446377,-0.2795571637830622],"21,3,0":[0.8516725874839904,-0.9896720639084892],"11,3,0":[-0.22061839834943306,0.1711952718421085],"7,4,0":[-0.2809761548818875,-0.06429512730320075],"20,4,0":[0.6396043928507772,-0.8564920563605493],"30,4,0":[0.0,0.0],"26,8,0":[0.0,0.0],"20,8,0":[0.8273709057839372,-0.8475911456566549],"9,10,0":[-0.5075110629534855,-0.266951615341551],"21,9,0":[0.9248185135628526,-0.9968767863146212],"14,9,0":[-0.668766257467532,-0.43846256727023497],"20,8,1":[0.8252614082514568,0.012805265632953616],"27,2,0":[0.0,0.0],"28,6,0":[0.0,0.0],"19,6,0":[0.4789019595193,-0.6790273315023404],"19,10,0":[-0.05596070284545665,-0.8466052080692363],"18,7,0":[0.4125913916295799,-0.60010790683527],"27,9,0":[0.0,0.0],"9,1,0":[-0.7204262620062045,-0.34708364800707714],"8,4,0":[-0.12299663972857497,-0.013029937015437032],"16,4,0":[-0.21130909297419875,-0.5654410528878782],"28,8,0":[0.0,0.0],"18,8,0":[-0.0012381346301149638,-0.6274829756069517],"14,3,0":[-0.36194857121441953,-0.4257784694749841],"17,8,0":[-0.39826698631506946,-0.5913679496039518],"19,2,0":[0.3820025871011657,-0.8200942012769947],"27,8,0":[0.0,0.0],"15,7,0":[-0.5273162492787202,-0.44980327463284314],"14,7,0":[-0.457495764856388,-0.3019121764568995],"22,7,0":[0.0,0.0],"12,2,0":[-0.3830879205958282,-0.25837914246959803],"21,10,0":[0.8821162993559342,-0.999999999946881],"29,10,0":[0.0,0.0],"27,4,0":[0.0,0.0],"21,4,1":[0.9748084838807327,0.18306832211145818],"12,6,0":[-0.33001324722152064,-0.16293524960053843],"15,9,1":[-0.4546914498311576,-0.18186361940270543],"19,9,1":[0.31596246471043504,-0.11412481799178198],"8,9,0":[-0.5289222535079604,-0.24348032411490875],"17,9,0":[-0.48198180388001377,-0.5778127195252298],"18,1,1":[-0.37141904816710897,-0.39900005880783385],"12,1,1":[-0.511615225346168,-0.2644252855203502],"19,1,1":[-0.1631688424481977,-0.3185355498905883],"13,1,0":[-0.7016853091175531,-0.6273172784113209],"10,3,0":[-0.28562726684108136,0.16612644663059806],"26,3,0":[0.0,0.0],"5,10,0":[-0.595181209139648,-0.3472619888513341],"12,10,0":[-0.5612623559282462,-0.4115257717869297],"17,2,1":[-0.14991732214469744,-0.03719221900690799],"7,10,0":[-0.5945579571863422,-0.3790046202763027],"21,2,1":[0.9690599898420252,0.115357372423838],"15,4,0":[-0.15341218999254558,-0.3812991267213448],"17,7,1":[-0.17209214209859433,-0.04071594473422488],"18,9,0":[-0.13335205753355292,-0.7076991586288176],