{"model_id":"monte_carlo","name":"Monte Carlo (1M eps)","algorithm":"monte_carlo","episodes":1000000,"trained_at":"2026-03-29","hyperparams":{"learning_rate":0.01,"discount_factor":0.95,"epsilon_start":1.0,"epsilon_end":0.1},"benchmarks":{"win_rate":0.4333,"loss_rate":0.4889,"draw_rate":0.0778,"avg_reward":-0.0556,"house_edge_percent":5.56},"learning_curve":{"checkpoints":[10000,20000,30000,40000,50000,60000,70000,80000,90000,100000,110000,120000,130000,140000,150000,160000,170000,180000,190000,200000,210000,220000,230000,240000,250000,260000,270000,280000,290000,300000,310000,320000,330000,340000,350000,360000,370000,380000,390000,400000,410000,420000,430000,440000,450000,460000,470000,480000,490000,500000,510000,520000,530000,540000,550000,560000,570000,580000,590000,600000,610000,620000,630000,640000,650000,660000,670000,680000,690000,700000,710000,720000,730000,740000,750000,760000,770000,780000,790000,800000,810000,820000,830000,840000,850000,860000,870000,880000,890000,900000,910000,920000,930000,940000,950000,960000,970000,980000,990000,1000000],"avg_rewards":[-0.3854,-0.3766,-0.3672,-0.3613,-0.3635,-0.3432,-0.3538,-0.3508,-0.336,-0.3206,-0.3312,-0.3001,-0.3018,-0.308,-0.3057,-0.3027,-0.2914,-0.2767,-0.2669,-0.2599,-0.2515,-0.2365,-0.2421,-0.2469,-0.2296,-0.2344,-0.2076,-0.2049,-0.1916,-0.1922,-0.1866,-0.1825,-0.1863,-0.1563,-0.1521,-0.159,-0.1461,-0.1425,-0.1437,-0.1369,-0.1193,-0.1126,-0.0981,-0.1021,-0.0948,-0.1109,-0.0923,-0.1043,-0.1004,-0.079,-0.0926,-0.1015,-0.0961,-0.095,-0.086,-0.1022,-0.101,-0.088,-0.0905,-0.0937,-0.1051,-0.0878,-0.089,-0.077,-0.1028,-0.098,-0.0872,-0.0977,-0.0883,-0.0883,-0.0912,-0.1099,-0.0941,-0.0877,-0.1179,-0.0975,-0.0941,-0.0809,-0.0866,-0.1044,-0.0752,-0.0907,-0.088,-0.1017,-0.093,-0.1079,-0.0892,-0.0715,-0.0812,-0.0975,-0.0897,-0.1073,-0.0971,-0.0875,-0.1029,-0.0901,-0.0875,-0.0893,-0.0948,-0.0916],"epsilons":[0.98,0.96,0.94,0.92,0.9,0.88,0.86,0.84,0.82,0.8,0.78,0.76,0.74,0.72,0.7,0.68,0.66,0.64,0.62,0.6,0.58,0.56,0.54,0.52,0.5,0.48,0.46,0.44,0.42,0.4,0.38,0.36,0.34,0.32,0.3,0.28,0.26,0.24,0.22,0.2,0.18,0.16,0.14,0.12,0.1,0.1,0.1,0.1,0.1,0.1,0.1,0.1,0.1,0.1,0.1,0.1,0.1,0.1,0.1,0.1,0.1,0.1,0.1,0.1,0.1,0.1,0.1,0.1,0.1,0.1,0.1,0.1,0.1,0.1,0.1,0.1,0.1,0.1,0.1,0.1,0.1,0.1,0.1,0.1,0.1,0.1,0.1,0.1,0.1,0.1,0.1,0.1,0.1,0.1,0.1,0.1,0.1,0.1,0.1,0.1]},"q_table":{"13,10,0":[-0.5755243700015079,-0.5364078253290759],"18,10,1":[-0.22371092164027645,-0.30332278384779965],"17,7,0":[-0.11135337174894867,-0.6084012131715767],"20,4,0":[0.6721748400852882,-0.9010444743935314],"11,3,0":[-0.2771084337349398,0.12836405939187268],"17,10,0":[-0.47104800098211685,-0.7216918659165451],"15,10,0":[-0.57235993959262,-0.6503880447062624],"5,10,0":[-0.5483870967741931,-0.4019266223949788],"11,4,0":[-0.22920203735144312,0.15590325470289662],"18,2,0":[0.10645933014354064,-0.7197408376963355],"15,2,0":[-0.2790624010136202,-0.5829177109440273],"14,8,0":[-0.49503546099290696,-0.5127773405136695],"11,2,0":[-0.3014925373134331,0.10539628928170586],"5,2,0":[-0.34883720930232553,-0.13390638450502132],"20,6,0":[0.7028985507246378,-0.8984385843164472],"19,6,0":[0.4984887737478413,-0.7951508620689647],"21,6,1":[0.984144341170038,-0.004544435857805311],"21,5,0":[0.8938826466916353,-1.0],"18,5,0":[0.21226993865030655,-0.6966566265060236],"17,1,0":[-0.6469068995203548,-0.7470360824742261],"21,10,1":[0.9159063053247952,-0.19038342919476442],"21,6,0":[0.8951310861423223,-1.0],"16,8,0":[-0.5065839261389431,-0.6351277219430482],"19,8,0":[0.5877502944640761,-0.8351598401598402],"9,8,0":[-0.5320088300220746,-0.04709483082706758],"6,8,0":[-0.4319066147859923,-0.3255447872340427],"10,7,0":[-0.46768060836501935,0.11705687079461731],"19,10,0":[-0.017339355966778394,-0.8087933264355931],"20,10,0":[0.4417075655153263,-0.8881572400066352],"12,7,0":[-0.4657179818887453,-0.3066391275495945],"13,8,0":[-0.5142698808534217,-0.49226221742021375],"15,3,0":[-0.25231519090170607,-0.5501349999999993],"15,8,0":[-0.5040068689181455,-0.5987354480737004],"10,3,0":[-0.2459016393442625,0.11964843956679883],"18,10,0":[-0.22895807616696326,-0.7644252441773084],"12,4,0":[-0.21011284102271072,-0.3936715647339158],"11,5,0":[-0.11951588502269293,0.15487232011747387],"14,10,0":[-0.5818462835464397,-0.6097952358783355],"8,10,0":[-0.5825375170532061,-0.35084441415662654],"15,4,0":[-0.2073490813648293,-0.5314233777322409],"17,6,0":[-0.0014267879436418642,-0.6679682997118155],"14,3,0":[-0.23854903166308014,-0.4588158939014199],"18,8,1":[0.10596026490066225,-0.18873904639175268],"13,1,0":[-0.7669111654441738,-0.5992744327309231],"20,7,0":[0.774246128769356,-0.905566470203014],"9,10,0":[-0.5982860203535083,-0.27080419627107066],"11,7,0":[-0.5405405405405409,0.12475842967244677],"7,7,0":[-0.5000000000000001,-0.15690439727954966],"12,10,0":[-0.5662669992757706,-0.46510453994647444],"20,9,0":[0.7517690025108432,-0.8976999999999994],"20,5,0":[0.6642391720965923,-0.8869536855838234],"16,10,0":[-0.5810163731850517,-0.6727185363247874],"14,5,0":[-0.16648360269888643,-0.484469052863436],"17,8,0":[-0.3823391263503985,-0.6368078703703705],"9,3,0":[-0.27240773286467473,-0.023731850656223626],"12,8,0":[-0.5359741309620049,-0.3743781043046352],"13,2,0":[-0.29024779017533753,-0.5088352506162694],"19,4,0":[0.4271038251366121,-0.8148428405122236],"16,4,0":[-0.22902654867256664,-0.6181461335254568],"18,8,0":[0.11490961159835301,-0.6915900195694716],"8,8,0":[-0.5064267352185091,-0.15868635975887183],"14,6,0":[-0.15226848974518245,-0.4752071167883214],"19,6,1":[0.5057880676758689,-0.010763546798029554],"15,9,0":[-0.5358166189111766,-0.6035905278232412],"16,9,1":[-0.4736842105263157,-0.17095248239871544],"17,9,1":[-0.53125,-0.23970730046948358],"20,3,0":[0.6541362997059227,-0.9114412568306008],"15,3,1":[-0.1305970149253731,-0.053734153451492524],"17,9,0":[-0.39922540666150264,-0.6755145118733521],"21,10,0":[0.8861699537375228,-1.0],"12,5,1":[-0.1666666666666668,0.08548827160493834],"15,7,0":[-0.46345514950166067,-0.5532980926989337],"11,10,0":[-0.5859374999999981,-0.06208568837427727],"19,3,0":[0.41267815358434484,-0.8201159654800426],"21,2,0":[0.8903456495828374,-1.0],"12,2,0":[-0.30470175438596436,-0.38568217213114747],"10,1,0":[-0.7824427480916025,-0.3078250423471862],"16,6,0":[-0.17388978063135394,-0.568492292870905],"10,8,0":[-0.4933333333333332,0.06863622061704208],"20,1,0":[0.1308504282015535,-0.9173246906305256],"14,1,0":[-0.7925117004680176,-0.622984354628424],"12,1,0":[-0.7482185273159155,-0.5627978818175425],"4,1,0":[-0.74,-0.5134552083333335],"5,4,0":[-0.2166462668298654,-0.28390886270491794],"18,1,0":[-0.36281660257260334,-0.771557239057239],"17,7,1":[-0.17616580310880825,-0.011423857954545456],"9,5,0":[-0.13636363636363633,0.056513254400670676],"15,2,1":[-0.34801762114537427,-0.06116584872979228],"12,9,0":[-0.5516693163751978,-0.41073554310585997],"19,5,0":[0.42182763100909465,-0.8056050767414397],"15,5,0":[-0.15858668857847177,-0.5291101326623974],"13,9,0":[-0.5602761550716961,-0.45449087631931107],"13,4,0":[-0.2130221495466029,-0.43221273424190826],"21,4,1":[0.9849540261911393,0.04127535101404053],"10,4,0":[-0.2128801431127013,0.09903178694158087],"8,6,0":[-0.14242652599849295,0.02204619565217399],"18,7,0":[0.4003724394785849,-0.6631935176358431],"10,6,0":[-0.1433389544688027,0.19119329268292712],"20,8,0":[0.7896796282709729,-0.8995183044315986],"13,6,0":[-0.14666272014207452,-0.4226567848410763],"12,3,0":[-0.2542087542087533,-0.4315964820982514],"16,5,0":[-0.17571428571428527,-0.5952048802946596],"8,5,0":[-0.1413934426229507,0.018244770227111316],"7,4,0":[-0.2193877551020408,-0.2558206492932864],"13,5,0":[-0.15611690409751766,-0.4311537307032594],"19,8,1":[0.5830769230769227,-0.046554726368159285],"14,2,0":[-0.30317583268783815,-0.5058763146362835],"6,10,0":[-0.5516328331862314,-0.4320612573846856],"11,1,0":[-0.7361319340329834,-0.18880729166666668],"6,5,0":[-0.18776550552251503,-0.23906079282407422],"21,8,1":[0.98870360408822,-0.09550638138138132],"20,2,0":[0.6350674373795777,-0.9180714767363447],