{"model_id":"qlearning","name":"Q-Learning (1M eps)","algorithm":"qlearning","episodes":1000000,"trained_at":"2026-03-29","hyperparams":{"learning_rate":0.01,"discount_factor":0.95,"epsilon_start":1.0,"epsilon_end":0.1},"benchmarks":{"win_rate":0.4304,"loss_rate":0.4802,"draw_rate":0.0894,"avg_reward":-0.0498,"house_edge_percent":4.98},"learning_curve":{"checkpoints":[10000,20000,30000,40000,50000,60000,70000,80000,90000,100000,110000,120000,130000,140000,150000,160000,170000,180000,190000,200000,210000,220000,230000,240000,250000,260000,270000,280000,290000,300000,310000,320000,330000,340000,350000,360000,370000,380000,390000,400000,410000,420000,430000,440000,450000,460000,470000,480000,490000,500000,510000,520000,530000,540000,550000,560000,570000,580000,590000,600000,610000,620000,630000,640000,650000,660000,670000,680000,690000,700000,710000,720000,730000,740000,750000,760000,770000,780000,790000,800000,810000,820000,830000,840000,850000,860000,870000,880000,890000,900000,910000,920000,930000,940000,950000,960000,970000,980000,990000,1000000],"avg_rewards":[-0.3874,-0.3727,-0.3793,-0.3714,-0.3641,-0.3549,-0.3283,-0.3555,-0.3306,-0.3342,-0.3291,-0.3045,-0.3098,-0.3093,-0.2947,-0.2788,-0.298,-0.274,-0.2712,-0.2718,-0.2487,-0.2322,-0.2674,-0.2333,-0.2257,-0.2349,-0.2022,-0.2171,-0.2227,-0.1843,-0.1836,-0.1711,-0.1647,-0.1752,-0.1557,-0.1575,-0.1451,-0.1366,-0.1157,-0.1305,-0.1116,-0.1048,-0.1049,-0.0867,-0.0871,-0.0719,-0.0727,-0.0801,-0.0788,-0.085,-0.0914,-0.0709,-0.0906,-0.0749,-0.0684,-0.0785,-0.0803,-0.0657,-0.0847,-0.0679,-0.0925,-0.0838,-0.0831,-0.0911,-0.0925,-0.0905,-0.0819,-0.0926,-0.0604,-0.0655,-0.0882,-0.0732,-0.0987,-0.0698,-0.088,-0.0908,-0.0912,-0.0788,-0.0904,-0.0846,-0.0789,-0.0916,-0.0795,-0.0832,-0.0923,-0.0732,-0.0945,-0.0771,-0.0605,-0.0696,-0.0928,-0.0704,-0.0889,-0.0577,-0.0821,-0.0705,-0.0715,-0.08,-0.0786,-0.1],"epsilons":[0.98,0.96,0.94,0.92,0.9,0.88,0.86,0.84,0.82,0.8,0.78,0.76,0.74,0.72,0.7,0.68,0.66,0.64,0.62,0.6,0.58,0.56,0.54,0.52,0.5,0.48,0.46,0.44,0.42,0.4,0.38,0.36,0.34,0.32,0.3,0.28,0.26,0.24,0.22,0.2,0.18,0.16,0.14,0.12,0.1,0.1,0.1,0.1,0.1,0.1,0.1,0.1,0.1,0.1,0.1,0.1,0.1,0.1,0.1,0.1,0.1,0.1,0.1,0.1,0.1,0.1,0.1,0.1,0.1,0.1,0.1,0.1,0.1,0.1,0.1,0.1,0.1,0.1,0.1,0.1,0.1,0.1,0.1,0.1,0.1,0.1,0.1,0.1,0.1,0.1,0.1,0.1,0.1,0.1,0.1,0.1,0.1,0.1,0.1,0.1]},"q_table":{"21,9,0":[0.9279299797404466,-0.998308201757575],"18,9,0":[-0.16924726493393946,-0.6003768034192654],"31,9,0":[0.0,0.0],"23,6,0":[0.0,0.0],"20,6,0":[0.6441737992142648,-0.8297129592552052],"28,5,0":[0.0,0.0],"18,5,0":[0.189053020909143,-0.6274638275701113],"20,8,1":[0.7734034678530545,0.1648449984328026],"20,8,0":[0.7950299597396189,-0.8521948173777808],"21,8,1":[0.9904979778992415,0.23066479745657537],"23,8,0":[0.0,0.0],"14,4,0":[-0.1691090696252524,-0.3938893193904395],"13,10,0":[-0.5923791845392407,-0.44519865949058895],"18,10,1":[-0.3401377750866764,-0.20668572642936464],"18,10,0":[-0.1904783049481141,-0.7385823946243402],"23,2,0":[0.0,0.0],"13,2,0":[-0.4047703613375429,-0.39983962403325324],"17,1,0":[-0.6704184474112297,-0.7147965600750744],"7,6,0":[-0.06346859876500371,0.017336449241335462],"13,7,0":[-0.5650907484237517,-0.2637625341747163],"20,10,0":[0.4238838396438155,-0.9048479308347702],"15,10,0":[-0.45244971656653865,-0.5592159052071696],"14,10,0":[-0.5771950427758802,-0.5276805014325933],"26,10,0":[0.0,0.0],"13,8,0":[-0.47257910670472664,-0.3363094074982925],"16,10,0":[-0.6302116509545718,-0.6788507228144538],"12,1,0":[-0.793475137554484,-0.56521230426589],"5,2,0":[-0.2376747272260635,-0.1251699011369942],"20,3,0":[0.662170443969035,-0.9036214979112437],"21,8,0":[0.9576588268758783,-0.9985154114755994],"17,10,0":[-0.496624924521803,-0.663930152717144],"8,10,0":[-0.48805371691820143,-0.282207356013214],"15,6,0":[-0.07071852679442564,-0.33482266656749887],"6,6,0":[-0.21765741469077501,-0.015054801254663715],"18,7,0":[0.44318004474815237,-0.5839182482916943],"16,7,0":[-0.49064946055740766,-0.4315414944884991],"26,7,0":[0.0,0.0],"28,10,0":[0.0,0.0],"19,8,0":[0.48919142405009497,-0.7232547686271877],"21,1,0":[0.6125537433578992,-0.9986438027775437],"21,1,1":[0.7068034120725827,-0.00158746716734939],"24,1,0":[0.0,0.0],"17,1,1":[-0.5428411325222005,-0.3767439956190191],"6,1,0":[-0.7085944134579206,-0.4513867085713744],"12,6,0":[-0.25083582587532194,-0.2514329381532587],"20,3,1":[0.7135891066422636,0.16117339222334448],"30,10,0":[0.0,0.0],"18,6,0":[0.3325862153186524,-0.6454630883873951],"15,1,1":[-0.641254464884489,-0.34023491643672726],"14,1,1":[-0.545428477352295,-0.3114586719352604],"9,7,0":[-0.4567156837602997,0.18206802453357457],"25,10,0":[0.0,0.0],"21,3,0":[0.8963914496941229,-0.9934952217880099],"21,3,1":[0.9863165566477018,0.20745279303004338],"9,10,0":[-0.610245111532704,-0.1692297203657687],"23,10,0":[0.0,0.0],"22,6,0":[0.0,0.0],"13,6,0":[-0.3286907504413558,-0.3221696799931337],"28,1,0":[0.0,0.0],"19,1,0":[-0.09855591855675792,-0.8782880894633772],"12,10,0":[-0.5448150692656315,-0.4262948315255033],"16,5,0":[-0.0708291148654262,-0.495703514020057],"22,10,0":[0.0,0.0],"14,8,0":[-0.5786562738409787,-0.37328677285346357],"16,8,1":[-0.4025362064156938,-0.08602221375371188],"24,8,0":[0.0,0.0],"8,4,0":[-0.38396548061046204,0.013630934293701089],"4,4,0":[-0.1595951832551445,-0.0630618308194174],"17,4,0":[-0.18975586287276222,-0.4168761528403813],"25,4,0":[0.0,0.0],"30,8,0":[0.0,0.0],"12,4,0":[-0.2572249802486871,-0.23327097101368588],"9,4,0":[-0.2603220285093933,0.10707886692080973],"18,4,0":[0.26590969661137065,-0.6486597726801384],"10,10,0":[-0.5750713595850455,-0.017838110630005625],"21,10,0":[0.8643355562756017,-0.999999999994061],"27,10,0":[0.0,0.0],"20,2,0":[0.59363598145346,-0.8298721361134471],"6,10,0":[-0.6045362716960208,-0.3526896812872009],"15,4,0":[-0.15852284834759658,-0.4716346682295346],"21,4,0":[0.9022035416188309,-0.9943490011653427],"28,4,0":[0.0,0.0],"19,4,1":[0.49621523922156213,0.18373507364957964],"13,4,1":[-0.0611042595582376,0.09372197570737589],"27,8,0":[0.0,0.0],"17,6,0":[-0.020146221203987777,-0.5629618717496147],"13,5,0":[-0.1544715510267042,-0.31737731652938234],"20,9,0":[0.783070262615337,-0.7893014378677645],"16,10,1":[-0.643505619880198,-0.26361475557404274],"19,10,0":[-0.06670174725506946,-0.7150266715196654],"13,3,0":[-0.35388467198764495,-0.3509184026947668],"19,9,0":[0.3491364786725889,-0.7065688241143449],"12,9,0":[-0.5275544432432765,-0.3993573064726197],"10,1,0":[-0.8010098398289826,-0.24422744291086493],"16,9,0":[-0.5084979536673192,-0.5841771750048942],"16,1,0":[-0.7566055297905298,-0.6645732019295163],"20,7,1":[0.8221399331223802,0.18753803216951626],"12,7,1":[-0.19764448281761332,0.1537825279590373],"20,7,0":[0.816525640966533,-0.8849800103886256],"20,5,0":[0.6606220862775491,-0.83634504057534],"12,5,0":[-0.17313933854290345,-0.19798684698507207],"25,9,0":[0.0,0.0],"14,7,0":[-0.4303136516205002,-0.2379430581382492],"7,7,0":[-0.38129589325336716,-0.028812413211830184],"22,7,0":[0.0,0.0],"18,1,0":[-0.3845072136919768,-0.7037104362370025],"13,1,0":[-0.83457337076876,-0.4809167544609142],"15,8,0":[-0.576678382648398,-0.41711027986446947],"29,7,0":[0.0,0.0],"19,7,0":[0.6501081946072935,-0.6977835826127754],"19,6,0":[0.4119338205086349,-0.7525090813299448],"11,6,0":[-0.08359719508725912,0.3086466067413269],"24,6,0":[0.0,0.0],"26,8,0":[0.0,0.0],"18,8,0":[0.012046690384702864,-0.5794134498115487],"10,6,0":[-0.13404172352683671,0.2135203765651524],"20,1,0":[0.15062247770966447,-0.9078605038799717],"21,10,1":[0.9387149913842741,0.07262923301144224],"14,5,0":[-0.1271987405636357,-0.32994150545111345],"24,3,0":[0.0,0.0],"14,3,0":[-0.44262194029511515,-0.3663678525647768],"21,6,1":[0.9707628031913869,0.29953642829673294],"25,2,0":[0.0,0.0],"15,2,0":[-0.3047805148734806,-0.46800134255456877],"4,8,0":[-0.2650115048967783,-0.13552431324772418],"22,8,0":[0.0,0.0],"17,10,1":[-0.5178122475512847,-0.2474775369147165],"13,9,0":[-0.500141412950508,-0.4209718404416846],"28,6,0":[0.0,0.0],