{"model_id":"sarsa","name":"SARSA (1M eps)","algorithm":"sarsa","episodes":1000000,"trained_at":"2026-03-29","hyperparams":{"learning_rate":0.01,"discount_factor":0.95,"epsilon_start":1.0,"epsilon_end":0.1},"benchmarks":{"win_rate":0.4333,"loss_rate":0.4795,"draw_rate":0.0872,"avg_reward":-0.0463,"house_edge_percent":4.63},"learning_curve":{"checkpoints":[10000,20000,30000,40000,50000,60000,70000,80000,90000,100000,110000,120000,130000,140000,150000,160000,170000,180000,190000,200000,210000,220000,230000,240000,250000,260000,270000,280000,290000,300000,310000,320000,330000,340000,350000,360000,370000,380000,390000,400000,410000,420000,430000,440000,450000,460000,470000,480000,490000,500000,510000,520000,530000,540000,550000,560000,570000,580000,590000,600000,610000,620000,630000,640000,650000,660000,670000,680000,690000,700000,710000,720000,730000,740000,750000,760000,770000,780000,790000,800000,810000,820000,830000,840000,850000,860000,870000,880000,890000,900000,910000,920000,930000,940000,950000,960000,970000,980000,990000,1000000],"avg_rewards":[-0.4043,-0.3653,-0.38,-0.365,-0.3358,-0.3719,-0.3362,-0.3512,-0.3369,-0.3117,-0.3269,-0.3119,-0.3,-0.3046,-0.301,-0.3001,-0.2813,-0.275,-0.2723,-0.255,-0.258,-0.2292,-0.2353,-0.2397,-0.2418,-0.2279,-0.2194,-0.2053,-0.2091,-0.1746,-0.1788,-0.1806,-0.1746,-0.1771,-0.1629,-0.1363,-0.1472,-0.1506,-0.1188,-0.1214,-0.1001,-0.121,-0.1111,-0.0699,-0.097,-0.0797,-0.0755,-0.1061,-0.0877,-0.0956,-0.0806,-0.101,-0.0661,-0.0858,-0.0922,-0.0872,-0.091,-0.0693,-0.0794,-0.0873,-0.0854,-0.106,-0.0794,-0.0908,-0.0782,-0.0859,-0.0781,-0.101,-0.0736,-0.0725,-0.0809,-0.0806,-0.0892,-0.0855,-0.0714,-0.0802,-0.0813,-0.0722,-0.0674,-0.0926,-0.0898,-0.0931,-0.0773,-0.0848,-0.0894,-0.0927,-0.0777,-0.074,-0.0801,-0.1021,-0.0776,-0.0874,-0.0837,-0.072,-0.0791,-0.0983,-0.0894,-0.0829,-0.078,-0.09],"epsilons":[0.98,0.96,0.94,0.92,0.9,0.88,0.86,0.84,0.82,0.8,0.78,0.76,0.74,0.72,0.7,0.68,0.66,0.64,0.62,0.6,0.58,0.56,0.54,0.52,0.5,0.48,0.46,0.44,0.42,0.4,0.38,0.36,0.34,0.32,0.3,0.28,0.26,0.24,0.22,0.2,0.18,0.16,0.14,0.12,0.1,0.1,0.1,0.1,0.1,0.1,0.1,0.1,0.1,0.1,0.1,0.1,0.1,0.1,0.1,0.1,0.1,0.1,0.1,0.1,0.1,0.1,0.1,0.1,0.1,0.1,0.1,0.1,0.1,0.1,0.1,0.1,0.1,0.1,0.1,0.1,0.1,0.1,0.1,0.1,0.1,0.1,0.1,0.1,0.1,0.1,0.1,0.1,0.1,0.1,0.1,0.1,0.1,0.1,0.1,0.1]},"q_table":{"12,7,0":[-0.5137389409370297,-0.3164751820266591],"8,7,0":[-0.534731928339928,0.00695242816141974],"13,1,0":[-0.7784882476451936,-0.5486708107192039],"17,9,0":[-0.41112735796686556,-0.5677075230652567],"11,9,0":[-0.5523970381589707,0.07521609404131038],"18,9,0":[-0.19967905776032868,-0.5906447053915197],"28,9,0":[0.0,0.0],"20,5,0":[0.6462331707401091,-0.8410610037594156],"15,5,0":[-0.1520441063286342,-0.456745251131732],"29,5,0":[0.0,0.0],"6,8,0":[-0.5007946692557323,-0.24717164794267843],"21,8,1":[0.968094968938923,0.10884752237976167],"14,10,0":[-0.5874760728536842,-0.5119903405253012],"24,10,0":[0.0,0.0],"20,10,0":[0.4300088263271303,-0.8812098300874074],"27,4,0":[0.0,0.0],"20,4,0":[0.6243552383003084,-0.8130702325898536],"13,5,0":[-0.3968521108601241,-0.2952551891267154],"9,5,0":[-0.10778790670503552,0.13085928839106253],"23,5,0":[0.0,0.0],"19,4,0":[0.3673209803180767,-0.6939514073662136],"12,9,0":[-0.46400599591298025,-0.34892113998522306],"16,2,0":[-0.3422336428217465,-0.5520870417554844],"15,6,0":[-0.17309417691967152,-0.40983857431434556],"12,10,0":[-0.5659862030996746,-0.41260522201576605],"22,10,0":[0.0,0.0],"12,8,0":[-0.41705347260918835,-0.29849015267206036],"11,8,0":[-0.5380134543174043,0.14104784749788077],"24,7,0":[0.0,0.0],"14,7,0":[-0.583631280811813,-0.35646398651982325],"16,10,0":[-0.6410525238199347,-0.5387025034252929],"16,10,1":[-0.5381049660769325,-0.2393478898286715],"21,6,0":[0.8769359566198722,-0.9903736886537049],"12,6,0":[-0.21224690074546376,-0.27660288538774747],"31,6,0":[0.0,0.0],"22,4,0":[0.0,0.0],"15,4,0":[-0.22465128584708213,-0.506435966635518],"16,6,0":[-0.16934712872306043,-0.45239155749454074],"9,4,0":[-0.2348418630828812,0.10938547106050484],"16,3,0":[-0.21912542023420453,-0.4924336406666919],"21,10,1":[0.9642384482011467,-0.0254704144301574],"13,9,0":[-0.5790223111203876,-0.4203307726297987],"30,8,0":[0.0,0.0],"20,8,0":[0.8339519764839413,-0.848298269636282],"13,10,0":[-0.6724769303071537,-0.47621595094763847],"17,10,0":[-0.4511911752751027,-0.648213358665433],"23,8,0":[0.0,0.0],"18,8,0":[0.1905312611806938,-0.5944794676086145],"17,1,0":[-0.6549705523664464,-0.7594771931833315],"30,10,0":[0.0,0.0],"15,10,0":[-0.6205362318490079,-0.6454451038738414],"12,4,0":[-0.26173036662622884,-0.18988763058326266],"10,4,0":[-0.09492651911325674,0.14573999804186738],"28,8,0":[0.0,0.0],"17,4,0":[-0.0731284884859731,-0.6313313459408262],"13,8,0":[-0.5780812138891201,-0.37136744680954176],"18,10,0":[-0.2801521402435701,-0.6449874512223309],"19,10,1":[-0.11906877997459181,-0.17494373595762125],"16,7,0":[-0.5323411106411541,-0.5119827369622649],"26,7,0":[0.0,0.0],"27,3,0":[0.0,0.0],"17,3,0":[-0.1391310451385209,-0.5738552476357068],"19,9,0":[0.3192292940821237,-0.8001310449701592],"9,9,0":[-0.47755966811112033,-0.09497626455698828],"24,9,0":[0.0,0.0],"13,10,1":[-0.5456833936983068,-0.21886202253749265],"14,1,0":[-0.8188963210549347,-0.6151719993511909],"19,8,0":[0.6729878005779613,-0.6456670114686265],"25,10,0":[0.0,0.0],"13,4,0":[-0.255237867854788,-0.3243781006479203],"19,4,1":[0.4028423868620786,0.045021378955573135],"22,3,0":[0.0,0.0],"15,8,0":[-0.5612237324618451,-0.4552607373236049],"29,10,0":[0.0,0.0],"23,10,0":[0.0,0.0],"25,2,0":[0.0,0.0],"15,2,0":[-0.2773615189319994,-0.49181329018893966],"21,7,1":[0.9918850375502849,0.20111495712989427],"15,10,1":[-0.593642735634734,-0.2544438835232795],"7,5,0":[-0.04091224893560428,-0.022547202045441257],"16,4,0":[-0.2806943126900764,-0.4637122039105821],"16,4,1":[-0.3001875168369098,0.044162075298254826],"29,7,0":[0.0,0.0],"19,7,0":[0.6289057631654922,-0.7975145302892185],"24,8,0":[0.0,0.0],"14,8,0":[-0.544115248723003,-0.365195481621209],"21,5,0":[0.902450240398177,-0.9811243521665315],"17,5,0":[0.000950046997599532,-0.506543433555975],"7,10,0":[-0.6541635853930153,-0.3781783801708355],"21,10,0":[0.887797536660797,-0.9999999999363476],"17,2,0":[-0.1503772888193644,-0.5265904803230269],"13,2,0":[-0.346893014949476,-0.46335756323951577],"24,2,0":[0.0,0.0],"20,2,0":[0.6173814206804179,-0.8541848029920489],"19,1,0":[-0.08546893418849777,-0.8258658113011155],"17,2,1":[-0.30895956793586854,-0.04884881379987218],"17,8,0":[-0.47801786077311076,-0.4775106914784458],"7,8,0":[-0.5018009407954189,-0.24577116669394486],"6,10,0":[-0.6255379935983212,-0.39324069618798574],"16,5,1":[-0.07985449928276958,0.039740855270758206],"11,5,0":[-0.15200513521293005,0.23341007210130144],"8,5,0":[-0.16892339603455928,0.027215652949342774],"21,3,1":[0.9747485113260351,0.09029169729818104],"8,10,0":[-0.5756583472832978,-0.3119286815383081],"11,7,0":[-0.38513211499537636,0.2894417876681375],"30,9,0":[0.0,0.0],"20,9,0":[0.7304487103009235,-0.8973655034299148],"11,10,0":[-0.5284529192966206,0.05653666313881246],"14,9,0":[-0.5946357340399906,-0.5008971139590905],"29,9,0":[0.0,0.0],"12,1,0":[-0.7879185522443984,-0.5391962936720283],"26,2,0":[0.0,0.0],"18,2,0":[0.17652368264906404,-0.7041911338840353],"21,2,0":[0.8835890585312502,-0.9883482486885012],"10,7,0":[-0.5293826634042698,0.11615211562664593],"19,3,0":[0.2506626856977127,-0.7293193116182961],"9,3,0":[-0.22463070133563584,0.03458553557817642],"20,1,0":[0.13317067427721738,-0.864109990751799],"10,1,0":[-0.7475728610069072,-0.2084685165598088],"22,1,0":[0.0,0.0],"11,4,0":[-0.19330314562039663,0.21915718495250355],"11,2,0":[-0.21187009102426108,0.12120173561560718],"14,6,0":[-0.11224141634860914,-0.3309527720977708],"18,7,0":[0.35286380114994353,-0.630001022305425],"14,2,0":[-0.34413051099063596,-0.4714137673559376],"21,4,0":[0.9061565729335171,-0.9856102873955739],"18,4,0":[0.2471942710158547,-0.6315171076963616],"27,8,0":[0.0,0.0],"21,6,1":[0.9895899399115528,0.2177035584744578],